{"alphaNM": 0.25, "betaNM": 0.5, "residualPrecision": 1e-10, "nu": 0.3, "emod": 210000.0, "llambda": 121153.84615384616, "lmu": 80769.23076923077, "alphaS": 0.0001, "kappa": 175000.0, "alphaT": 35.0, "cp": 480000000.0, "rho": 7.5e-09, "rT": 0.0, "length": 100.0, "width": 80.0, "height": 140.0, "theta0": 300.0, "numberOfElements": 8, "numberOfNodes": 27, "dofPerNode": 4, "nodesPerElement": 8, "numberOfGaussPoints": 8, "simulationTime": 500, "timeStep": 1, "maxNewtonIterations": 50, "initValues": [0.0, 0.0, 0.0, 300.0], "fixedDofs": {"0": [0, 1, 2], "1": [1, 2], "2": [1, 2], "3": [0, 2], "4": [2], "5": [2], "6": [0, 2], "7": [2], "8": [2]}, "externalForces": {"18": [0, 0, 5000000.0, 0.0], "19": [0, 0, 10000000.0, 0.0], "20": [0, 0, 5000000.0, 0.0], "21": [0, 0, 10000000.0, 0.0], "22": [0, 0, 20000000.0, 0.0], "23": [0, 0, 10000000.0, 0.0], "24": [0, 0, 5000000.0, 0.0], "25": [0, 0, 10000000.0, 0.0], "26": [0, 0, 5000000.0, 0.0]}, "externalGradient": [[0, 10, 0.1, 0], [10, 20, -0.1, 1]], "endHeatFlux": 100}